{
  "catboost": {
    "best_iteration": 421,
    "val": {
      "pr_auc": 0.9153634636451546,
      "roc_auc": 0.9986818943293728,
      "base_rate": 0.005844749776361681,
      "recall@fpr0.001": 0.8443680137575237,
      "recall@fpr0.005": 0.944110060189166,
      "recall@fpr0.01": 0.9681857265692175,
      "recall@fpr0.05": 0.9974204643164231
    },
    "test": {
      "pr_auc": 0.8730423180585727,
      "roc_auc": 0.9974057908910341,
      "base_rate": 0.0038598644278853163,
      "recall@fpr0.001": 0.8181818181818182,
      "recall@fpr0.005": 0.9221445221445221,
      "recall@fpr0.01": 0.9515151515151515,
      "recall@fpr0.05": 0.9897435897435898
    }
  },
  "xgboost": {
    "best_iteration": 5583,
    "val": {
      "pr_auc": 0.8544082672016136,
      "roc_auc": 0.994326138144375,
      "base_rate": 0.005844749776361681,
      "recall@fpr0.001": 0.7773000859845228,
      "recall@fpr0.005": 0.8727429062768701,
      "recall@fpr0.01": 0.9097162510748066,
      "recall@fpr0.05": 0.9724849527085124
    },
    "test": {
      "pr_auc": 0.790846739218562,
      "roc_auc": 0.9921535290114739,
      "base_rate": 0.0038598644278853163,
      "recall@fpr0.001": 0.737062937062937,
      "recall@fpr0.005": 0.8331002331002331,
      "recall@fpr0.01": 0.8792540792540793,
      "recall@fpr0.05": 0.9613053613053613
    }
  }
}