{
  "global_mean": 0.005778482690515472,
  "noise_cardinality": 50000,
  "results": {
    "merchant": {
      "naive": {
        "train": {
          "roc_auc": 0.7527077070828443,
          "pr_auc": 0.015507323653183339
        },
        "test": {
          "roc_auc": 0.7136319279550356,
          "pr_auc": 0.009014147348618533
        }
      },
      "oof": {
        "train": {
          "roc_auc": 0.7165455267927798,
          "pr_auc": 0.0131036292969877
        },
        "test": {
          "roc_auc": 0.7136319279550356,
          "pr_auc": 0.009014147348618533
        }
      }
    },
    "noise_id": {
      "naive": {
        "train": {
          "roc_auc": 0.9500368899197948,
          "pr_auc": 0.06507272064389778
        },
        "test": {
          "roc_auc": 0.5059286245396865,
          "pr_auc": 0.003915082969933679
        }
      },
      "oof": {
        "train": {
          "roc_auc": 0.49829051362223,
          "pr_auc": 0.005815977796300198
        },
        "test": {
          "roc_auc": 0.5059286245396865,
          "pr_auc": 0.003915082969933679
        }
      }
    }
  }
}